{
  "best_model": "logistic_regression",
  "model_comparison": {
    "random_forest": {
      "cv_mean": 0.9375,
      "cv_std": 0.036
    },
    "logistic_regression": {
      "cv_mean": 0.964,
      "cv_std": 0.0339
    },
    "k_neighbors": {
      "cv_mean": 0.9285,
      "cv_std": 0.0222
    }
  },
  "accuracy": 0.9211,
  "classes": [
    "setosa",
    "versicolor",
    "virginica"
  ],
  "features": [
    "sepal length (cm)",
    "sepal width (cm)",
    "petal length (cm)",
    "petal width (cm)"
  ],
  "feature_count": 4,
  "sample_count": 150,
  "report": {
    "setosa": {
      "precision": 1.0,
      "recall": 1.0,
      "f1-score": 1.0,
      "support": 12.0
    },
    "versicolor": {
      "precision": 0.8571428571428571,
      "recall": 0.9230769230769231,
      "f1-score": 0.8888888888888888,
      "support": 13.0
    },
    "virginica": {
      "precision": 0.9166666666666666,
      "recall": 0.8461538461538461,
      "f1-score": 0.88,
      "support": 13.0
    },
    "accuracy": 0.9210526315789473,
    "macro avg": {
      "precision": 0.9246031746031745,
      "recall": 0.923076923076923,
      "f1-score": 0.9229629629629629,
      "support": 38.0
    },
    "weighted avg": {
      "precision": 0.9226190476190477,
      "recall": 0.9210526315789473,
      "f1-score": 0.9209356725146198,
      "support": 38.0
    }
  }
}